foto_id,album_id,imagem,data,titulo,local,tags
carnaval-2026-01,carnaval-2026,images/carnaval-2026/carnaval-2026-01.jpg,2026-02-16,Carnaval,2026,"carnaval, festa, bloco"
carnaval-2026-02,carnaval-2026,images/carnaval-2026/carnaval-2026-02.jpg,2026-02-16,Carnaval,2026,"carnaval, festa, bloco"
carnaval-2026-03,carnaval-2026,images/carnaval-2026/carnaval-2026-03.jpg,2026-02-16,Carnaval,2026,"carnaval, festa, bloco"
carnaval-2026-04,carnaval-2026,images/carnaval-2026/carnaval-2026-04.jpg,2026-02-13,Carnaval,2026,"carnaval, festa, bloco"
carnaval-2026-05,carnaval-2026,images/carnaval-2026/carnaval-2026-05.jpg,2026-02-13,Carnaval,2026,"carnaval, festa, bloco"
carnaval-2026-06,carnaval-2026,images/carnaval-2026/carnaval-2026-06.jpg,2026-02-13,Carnaval,2026,"carnaval, festa, bloco"
carnaval-2026-07,carnaval-2026,images/carnaval-2026/carnaval-2026-07.jpg,2026-02-13,Carnaval,2026,"carnaval, festa, bloco"
carnaval-2026-08,carnaval-2026,images/carnaval-2026/carnaval-2026-08.jpg,2026-02-14,Carnaval,2026,"carnaval, festa, bloco"
carnaval-2026-09,carnaval-2026,images/carnaval-2026/carnaval-2026-09.jpg,2026-02-14,Carnaval,2026,"carnaval, festa, bloco"
carnaval-2026-10,carnaval-2026,images/carnaval-2026/carnaval-2026-10.jpg,2026-02-14,Carnaval,2026,"carnaval, festa, bloco"
carnaval-2026-11,carnaval-2026,images/carnaval-2026/carnaval-2026-11.jpg,2026-02-14,Carnaval,2026,"carnaval, festa, bloco"
carnaval-2026-12,carnaval-2026,images/carnaval-2026/carnaval-2026-12.jpg,2026-02-14,Carnaval,2026,"carnaval, festa, bloco"
carnaval-2026-13,carnaval-2026,images/carnaval-2026/carnaval-2026-13.jpg,2026-02-14,Carnaval,2026,"carnaval, festa, bloco"
carnaval-2026-14,carnaval-2026,images/carnaval-2026/carnaval-2026-14.jpg,2026-02-15,Carnaval,2026,"carnaval, festa, bloco"
carnaval-2026-15,carnaval-2026,images/carnaval-2026/carnaval-2026-15.jpg,2026-02-16,Carnaval,2026,"carnaval, festa, bloco"
carnaval-2026-16,carnaval-2026,images/carnaval-2026/carnaval-2026-16.jpg,2026-02-16,Carnaval,2026,"carnaval, festa, bloco"
carnaval-2026-17,carnaval-2026,images/carnaval-2026/carnaval-2026-17.jpg,2026-02-17,Carnaval,2026,"carnaval, festa, bloco"
carnaval-2026-18,carnaval-2026,images/carnaval-2026/carnaval-2026-18.jpg,2026-02-16,Carnaval,2026,"carnaval, festa, bloco"
carnaval-2026-19,carnaval-2026,images/carnaval-2026/carnaval-2026-19.jpg,2026-02-17,Carnaval,2026,"carnaval, festa, bloco"
carnaval-2026-20,carnaval-2026,images/carnaval-2026/carnaval-2026-20.jpg,2026-02-17,Carnaval,2026,"carnaval, festa, bloco"
carnaval-2026-21,carnaval-2026,images/carnaval-2026/carnaval-2026-21.jpg,2026-02-17,Carnaval,2026,"carnaval, festa, bloco"
carnaval-2026-22,carnaval-2026,images/carnaval-2026/carnaval-2026-22.jpg,2026-02-18,Carnaval,2026,"carnaval, festa, bloco"
drone-bela-vista-01,drone-bela-vista,images/drone-bela-vista/drone-bela-vista-01.jpg,2022-04-14,Bela Vista,Bela Vista,"drone, aérea, bela vista"
drone-inatel-01,drone-inatel,images/drone-inatel/drone-inatel-01.jpg,2025-07-04,Inatel,Inatel,"drone, aérea, inatel"
drone-inatel-02,drone-inatel,images/drone-inatel/drone-inatel-02.jpg,2025-07-04,Inatel,Inatel,"drone, aérea, inatel"
drone-inatel-03,drone-inatel,images/drone-inatel/drone-inatel-03.jpg,2025-07-04,Inatel,Inatel,"drone, aérea, inatel"
drone-inatel-04,drone-inatel,images/drone-inatel/drone-inatel-04.jpg,2025-07-04,Inatel,Inatel,"drone, aérea, inatel"
drone-inatel-05,drone-inatel,images/drone-inatel/drone-inatel-05.jpg,2025-07-04,Inatel,Inatel,"drone, aérea, inatel"
drone-inatel-06,drone-inatel,images/drone-inatel/drone-inatel-06.jpg,2025-07-04,Inatel,Inatel,"drone, aérea, inatel"
drone-inatel-07,drone-inatel,images/drone-inatel/drone-inatel-07.jpg,2025-07-04,Inatel,Inatel,"drone, aérea, inatel"
drone-inatel-08,drone-inatel,images/drone-inatel/drone-inatel-08.jpg,2025-07-04,Inatel,Inatel,"drone, aérea, inatel"
drone-inatel-09,drone-inatel,images/drone-inatel/drone-inatel-09.jpg,2025-07-04,Inatel,Inatel,"drone, aérea, inatel"
drone-inatel-10,drone-inatel,images/drone-inatel/drone-inatel-10.jpg,2025-07-04,Inatel,Inatel,"drone, aérea, inatel"
drone-pedralva-01,drone-pedralva,images/drone-pedralva/drone-pedralva-01.jpg,2023-07-11,Pedralva,Pedralva,"drone, aérea, pedralva"
drone-pedralva-02,drone-pedralva,images/drone-pedralva/drone-pedralva-02.jpg,2023-07-11,Pedralva,Pedralva,"drone, aérea, pedralva"
drone-pedralva-03,drone-pedralva,images/drone-pedralva/drone-pedralva-03.jpg,2023-07-11,Pedralva,Pedralva,"drone, aérea, pedralva"
drone-pedralva-04,drone-pedralva,images/drone-pedralva/drone-pedralva-04.jpg,2023-07-11,Pedralva,Pedralva,"drone, aérea, pedralva"
drone-santa-rita-01,drone-santa-rita,images/drone-santa-rita/drone-santa-rita-01.jpg,2025-06-30,Santa Rita do Sapucaí,Santa Rita do Sapucaí,"drone, aérea, santa rita do sapucaí"
drone-santa-rita-02,drone-santa-rita,images/drone-santa-rita/drone-santa-rita-02.jpg,2025-07-04,Santa Rita do Sapucaí,Santa Rita do Sapucaí,"drone, aérea, santa rita do sapucaí"
drone-santa-rita-03,drone-santa-rita,images/drone-santa-rita/drone-santa-rita-03.jpg,2025-07-04,Santa Rita do Sapucaí,Santa Rita do Sapucaí,"drone, aérea, santa rita do sapucaí"
drone-santa-rita-04,drone-santa-rita,images/drone-santa-rita/drone-santa-rita-04.jpg,2025-07-04,Santa Rita do Sapucaí,Santa Rita do Sapucaí,"drone, aérea, santa rita do sapucaí"
drone-santa-rita-05,drone-santa-rita,images/drone-santa-rita/drone-santa-rita-05.jpg,2025-07-04,Santa Rita do Sapucaí,Santa Rita do Sapucaí,"drone, aérea, santa rita do sapucaí"
drone-santa-rita-06,drone-santa-rita,images/drone-santa-rita/drone-santa-rita-06.jpg,2025-07-04,Santa Rita do Sapucaí,Santa Rita do Sapucaí,"drone, aérea, santa rita do sapucaí"
drone-santa-rita-07,drone-santa-rita,images/drone-santa-rita/drone-santa-rita-07.jpg,2025-07-04,Santa Rita do Sapucaí,Santa Rita do Sapucaí,"drone, aérea, santa rita do sapucaí"
drone-santa-rita-08,drone-santa-rita,images/drone-santa-rita/drone-santa-rita-08.jpg,2025-07-30,Santa Rita do Sapucaí,Santa Rita do Sapucaí,"drone, aérea, santa rita do sapucaí"
drone-santa-rita-09,drone-santa-rita,images/drone-santa-rita/drone-santa-rita-09.jpg,2025-07-30,Santa Rita do Sapucaí,Santa Rita do Sapucaí,"drone, aérea, santa rita do sapucaí"
drone-santa-rita-10,drone-santa-rita,images/drone-santa-rita/drone-santa-rita-10.jpg,2025-07-30,Santa Rita do Sapucaí,Santa Rita do Sapucaí,"drone, aérea, santa rita do sapucaí"
drone-santa-rita-11,drone-santa-rita,images/drone-santa-rita/drone-santa-rita-11.jpg,2025-07-30,Santa Rita do Sapucaí,Santa Rita do Sapucaí,"drone, aérea, santa rita do sapucaí"
drone-santa-rita-12,drone-santa-rita,images/drone-santa-rita/drone-santa-rita-12.jpg,2025-07-30,Santa Rita do Sapucaí,Santa Rita do Sapucaí,"drone, aérea, santa rita do sapucaí"
drone-santa-rita-13,drone-santa-rita,images/drone-santa-rita/drone-santa-rita-13.jpg,2025-07-30,Santa Rita do Sapucaí,Santa Rita do Sapucaí,"drone, aérea, santa rita do sapucaí"
drone-santa-rita-14,drone-santa-rita,images/drone-santa-rita/drone-santa-rita-14.jpg,2025-07-30,Santa Rita do Sapucaí,Santa Rita do Sapucaí,"drone, aérea, santa rita do sapucaí"
drone-santa-rita-15,drone-santa-rita,images/drone-santa-rita/drone-santa-rita-15.jpg,2025-08-24,Santa Rita do Sapucaí,Santa Rita do Sapucaí,"drone, aérea, santa rita do sapucaí"
drone-santa-rita-16,drone-santa-rita,images/drone-santa-rita/drone-santa-rita-16.jpg,2025-08-24,Santa Rita do Sapucaí,Santa Rita do Sapucaí,"drone, aérea, santa rita do sapucaí"
drone-santa-rita-17,drone-santa-rita,images/drone-santa-rita/drone-santa-rita-17.jpg,2025-08-24,Santa Rita do Sapucaí,Santa Rita do Sapucaí,"drone, aérea, santa rita do sapucaí"
drone-santa-rita-18,drone-santa-rita,images/drone-santa-rita/drone-santa-rita-18.jpg,2025-08-24,Santa Rita do Sapucaí,Santa Rita do Sapucaí,"drone, aérea, santa rita do sapucaí"
drone-santa-rita-19,drone-santa-rita,images/drone-santa-rita/drone-santa-rita-19.jpg,2025-10-14,Santa Rita do Sapucaí,Santa Rita do Sapucaí,"drone, aérea, santa rita do sapucaí"
drone-santa-rita-20,drone-santa-rita,images/drone-santa-rita/drone-santa-rita-20.jpg,2025-12-12,Santa Rita do Sapucaí,Santa Rita do Sapucaí,"drone, aérea, santa rita do sapucaí"
drone-santa-rita-21,drone-santa-rita,images/drone-santa-rita/drone-santa-rita-21.jpg,2025-12-12,Santa Rita do Sapucaí,Santa Rita do Sapucaí,"drone, aérea, santa rita do sapucaí"
drone-santa-rita-22,drone-santa-rita,images/drone-santa-rita/drone-santa-rita-22.jpg,2025-12-12,Santa Rita do Sapucaí,Santa Rita do Sapucaí,"drone, aérea, santa rita do sapucaí"
drone-santa-rita-23,drone-santa-rita,images/drone-santa-rita/drone-santa-rita-23.jpg,2025-12-12,Santa Rita do Sapucaí,Santa Rita do Sapucaí,"drone, aérea, santa rita do sapucaí"
drone-santa-rita-24,drone-santa-rita,images/drone-santa-rita/drone-santa-rita-24.jpg,2025-12-12,Santa Rita do Sapucaí,Santa Rita do Sapucaí,"drone, aérea, santa rita do sapucaí"
drone-santa-rita-25,drone-santa-rita,images/drone-santa-rita/drone-santa-rita-25.jpg,2025-12-12,Santa Rita do Sapucaí,Santa Rita do Sapucaí,"drone, aérea, santa rita do sapucaí"
drone-santa-rita-26,drone-santa-rita,images/drone-santa-rita/drone-santa-rita-26.jpg,2025-12-12,Santa Rita do Sapucaí,Santa Rita do Sapucaí,"drone, aérea, santa rita do sapucaí"
drone-santa-rita-27,drone-santa-rita,images/drone-santa-rita/drone-santa-rita-27.jpg,2025-12-12,Santa Rita do Sapucaí,Santa Rita do Sapucaí,"drone, aérea, santa rita do sapucaí"
drone-santa-rita-28,drone-santa-rita,images/drone-santa-rita/drone-santa-rita-28.jpg,2026-03-20,Santa Rita do Sapucaí,Santa Rita do Sapucaí,"drone, aérea, santa rita do sapucaí"
drone-santa-rita-29,drone-santa-rita,images/drone-santa-rita/drone-santa-rita-29.jpg,2026-03-20,Santa Rita do Sapucaí,Santa Rita do Sapucaí,"drone, aérea, santa rita do sapucaí"
drone-santa-rita-30,drone-santa-rita,images/drone-santa-rita/drone-santa-rita-30.jpg,2026-03-20,Santa Rita do Sapucaí,Santa Rita do Sapucaí,"drone, aérea, santa rita do sapucaí"
drone-santa-rita-31,drone-santa-rita,images/drone-santa-rita/drone-santa-rita-31.jpg,2026-03-20,Santa Rita do Sapucaí,Santa Rita do Sapucaí,"drone, aérea, santa rita do sapucaí"
drone-santa-rita-32,drone-santa-rita,images/drone-santa-rita/drone-santa-rita-32.jpg,2026-03-20,Santa Rita do Sapucaí,Santa Rita do Sapucaí,"drone, aérea, santa rita do sapucaí"
drone-santa-rita-33,drone-santa-rita,images/drone-santa-rita/drone-santa-rita-33.jpg,2026-03-20,Santa Rita do Sapucaí,Santa Rita do Sapucaí,"drone, aérea, santa rita do sapucaí"
drone-santa-rita-34,drone-santa-rita,images/drone-santa-rita/drone-santa-rita-34.jpg,2026-03-20,Santa Rita do Sapucaí,Santa Rita do Sapucaí,"drone, aérea, santa rita do sapucaí"
drone-santa-rita-35,drone-santa-rita,images/drone-santa-rita/drone-santa-rita-35.jpg,2026-03-20,Santa Rita do Sapucaí,Santa Rita do Sapucaí,"drone, aérea, santa rita do sapucaí"
drone-santa-rita-36,drone-santa-rita,images/drone-santa-rita/drone-santa-rita-36.jpg,2026-03-25,Santa Rita do Sapucaí,Santa Rita do Sapucaí,"drone, aérea, santa rita do sapucaí"
drone-santa-rita-37,drone-santa-rita,images/drone-santa-rita/drone-santa-rita-37.jpg,2026-03-26,Santa Rita do Sapucaí,Santa Rita do Sapucaí,"drone, aérea, santa rita do sapucaí"
drone-santa-rita-38,drone-santa-rita,images/drone-santa-rita/drone-santa-rita-38.jpg,2026-03-26,Santa Rita do Sapucaí,Santa Rita do Sapucaí,"drone, aérea, santa rita do sapucaí"
esporte-01,sr26-esporte,images/esporte/esporte-01.jpg,2026-05-16,Esporte,Esporte,esporte
esporte-02,sr26-esporte,images/esporte/esporte-02.jpg,2026-05-16,Esporte,Esporte,esporte
esporte-03,sr26-esporte,images/esporte/esporte-03.jpg,2026-05-16,Esporte,Esporte,esporte
esporte-04,sr26-esporte,images/esporte/esporte-04.jpg,2026-05-16,Esporte,Esporte,esporte
esporte-05,sr26-esporte,images/esporte/esporte-05.jpg,2026-05-16,Esporte,Esporte,esporte
esporte-06,sr26-esporte,images/esporte/esporte-06.jpg,2026-05-16,Esporte,Esporte,esporte
esporte-07,sr26-esporte,images/esporte/esporte-07.jpg,2026-05-16,Esporte,Esporte,esporte
esporte-08,sr26-esporte,images/esporte/esporte-08.jpg,2026-05-24,Esporte,Esporte,esporte
esporte-09,sr26-esporte,images/esporte/esporte-09.jpg,2026-05-24,Esporte,Esporte,esporte
esporte-10,sr26-esporte,images/esporte/esporte-10.jpg,2026-05-24,Esporte,Esporte,esporte
esporte-11,sr26-esporte,images/esporte/esporte-11.jpg,2026-05-24,Esporte,Esporte,esporte
esporte-12,sr26-esporte,images/esporte/esporte-12.jpg,2026-05-24,Esporte,Esporte,esporte
esporte-13,sr26-esporte,images/esporte/esporte-13.jpg,2026-05-24,Esporte,Esporte,esporte
esporte-14,sr25-esporte,images/esporte/esporte-14.jpg,2025-05-17,Esporte,Esporte,esporte
esporte-15,sr25-esporte,images/esporte/esporte-15.jpg,2025-05-24,Esporte,Esporte,esporte
sr26-bandas-aleatorias-01,sr26-bandas-aleatorias,images/sr26-bandas-aleatorias/sr26-bandas-aleatorias-01.jpg,2026-05-20,Bandas Aleatórias,Bandas Aleatórias,"show, banda, bandas aleatórias, baixo, festa de santa rita"
sr26-bandas-aleatorias-02,sr26-bandas-aleatorias,images/sr26-bandas-aleatorias/sr26-bandas-aleatorias-02.jpg,2026-05-20,Bandas Aleatórias,Bandas Aleatórias,"show, banda, bandas aleatórias, baixo, festa de santa rita"
sr26-bandas-aleatorias-03,sr26-bandas-aleatorias,images/sr26-bandas-aleatorias/sr26-bandas-aleatorias-03.jpg,2026-05-20,Bandas Aleatórias,Bandas Aleatórias,"show, banda, bandas aleatórias, baixo, festa de santa rita"
sr26-bandas-aleatorias-04,sr26-bandas-aleatorias,images/sr26-bandas-aleatorias/sr26-bandas-aleatorias-04.jpg,2026-05-20,Bandas Aleatórias,Bandas Aleatórias,"show, banda, bandas aleatórias, baixo, festa de santa rita"
sr26-bandas-aleatorias-05,sr26-bandas-aleatorias,images/sr26-bandas-aleatorias/sr26-bandas-aleatorias-05.jpg,2026-05-20,Bandas Aleatórias,Bandas Aleatórias,"show, banda, bandas aleatórias, baixo, festa de santa rita"
sr26-bandas-aleatorias-06,sr26-bandas-aleatorias,images/sr26-bandas-aleatorias/sr26-bandas-aleatorias-06.jpg,2026-05-20,Bandas Aleatórias,Bandas Aleatórias,"show, banda, bandas aleatórias, baixo, festa de santa rita"
sr26-bandas-aleatorias-07,sr26-bandas-aleatorias,images/sr26-bandas-aleatorias/sr26-bandas-aleatorias-07.jpg,2026-05-20,Bandas Aleatórias,Bandas Aleatórias,"show, banda, bandas aleatórias, baixo, festa de santa rita"
sr26-bandas-aleatorias-08,sr26-bandas-aleatorias,images/sr26-bandas-aleatorias/sr26-bandas-aleatorias-08.jpg,2026-05-20,Bandas Aleatórias,Bandas Aleatórias,"show, banda, bandas aleatórias, baixo, festa de santa rita"
sr26-bandas-aleatorias-09,sr26-bandas-aleatorias,images/sr26-bandas-aleatorias/sr26-bandas-aleatorias-09.jpg,2026-05-20,Bandas Aleatórias,Bandas Aleatórias,"show, banda, bandas aleatórias, baixo, festa de santa rita"
sr26-bandas-aleatorias-10,sr26-bandas-aleatorias,images/sr26-bandas-aleatorias/sr26-bandas-aleatorias-10.jpg,2026-05-20,Bandas Aleatórias,Bandas Aleatórias,"show, banda, bandas aleatórias, baixo, festa de santa rita"
sr26-bandas-aleatorias-11,sr26-bandas-aleatorias,images/sr26-bandas-aleatorias/sr26-bandas-aleatorias-11.jpg,2026-05-20,Bandas Aleatórias,Bandas Aleatórias,"show, banda, bandas aleatórias, baixo, festa de santa rita"
sr26-bandas-aleatorias-12,sr26-bandas-aleatorias,images/sr26-bandas-aleatorias/sr26-bandas-aleatorias-12.jpg,2026-05-22,Bandas Aleatórias,Bandas Aleatórias,"show, banda, bandas aleatórias, baixo, festa de santa rita"
sr26-bandas-aleatorias-13,sr26-bandas-aleatorias,images/sr26-bandas-aleatorias/sr26-bandas-aleatorias-13.jpg,2026-05-22,Bandas Aleatórias,Bandas Aleatórias,"show, banda, bandas aleatórias, baixo, festa de santa rita"
sr26-bandas-aleatorias-14,sr26-bandas-aleatorias,images/sr26-bandas-aleatorias/sr26-bandas-aleatorias-14.jpg,2026-05-22,Bandas Aleatórias,Bandas Aleatórias,"show, banda, bandas aleatórias, baixo, festa de santa rita"
sr26-bandas-aleatorias-15,sr26-bandas-aleatorias,images/sr26-bandas-aleatorias/sr26-bandas-aleatorias-15.jpg,2026-05-22,Bandas Aleatórias,Bandas Aleatórias,"show, banda, bandas aleatórias, baixo, festa de santa rita"
sr26-bandas-aleatorias-16,sr26-bandas-aleatorias,images/sr26-bandas-aleatorias/sr26-bandas-aleatorias-16.jpg,2026-05-22,Bandas Aleatórias,Bandas Aleatórias,"show, banda, bandas aleatórias, baixo, festa de santa rita"
sr26-bandas-aleatorias-17,sr26-bandas-aleatorias,images/sr26-bandas-aleatorias/sr26-bandas-aleatorias-17.jpg,2026-05-22,Bandas Aleatórias,Bandas Aleatórias,"show, banda, bandas aleatórias, baixo, festa de santa rita"
sr26-bandas-aleatorias-18,sr26-bandas-aleatorias,images/sr26-bandas-aleatorias/sr26-bandas-aleatorias-18.jpg,2026-05-23,Bandas Aleatórias,Bandas Aleatórias,"show, banda, bandas aleatórias, baixo, festa de santa rita"
sr26-clayton-romario-01,sr26-clayton-romario,images/sr26-clayton-romario/sr26-clayton-romario-01.jpg,2026-05-24,Clayton e Romário,Clayton e Romário,"show, banda, clayton e romário, festa de santa rita"
sr26-clayton-romario-02,sr26-clayton-romario,images/sr26-clayton-romario/sr26-clayton-romario-02.jpg,2026-05-24,Clayton e Romário,Clayton e Romário,"show, banda, clayton e romário, festa de santa rita"
sr26-clayton-romario-03,sr26-clayton-romario,images/sr26-clayton-romario/sr26-clayton-romario-03.jpg,2026-05-24,Clayton e Romário,Clayton e Romário,"show, banda, clayton e romário, festa de santa rita"
sr26-clayton-romario-04,sr26-clayton-romario,images/sr26-clayton-romario/sr26-clayton-romario-04.jpg,2026-05-24,Clayton e Romário,Clayton e Romário,"show, banda, clayton e romário, festa de santa rita"
sr26-clayton-romario-05,sr26-clayton-romario,images/sr26-clayton-romario/sr26-clayton-romario-05.jpg,2026-05-25,Clayton e Romário,Clayton e Romário,"show, banda, clayton e romário, festa de santa rita"
sr26-clayton-romario-06,sr26-clayton-romario,images/sr26-clayton-romario/sr26-clayton-romario-06.jpg,2026-05-25,Clayton e Romário,Clayton e Romário,"show, banda, clayton e romário, festa de santa rita"
sr26-clayton-romario-07,sr26-clayton-romario,images/sr26-clayton-romario/sr26-clayton-romario-07.jpg,2026-05-25,Clayton e Romário,Clayton e Romário,"show, banda, clayton e romário, festa de santa rita"
sr26-clayton-romario-08,sr26-clayton-romario,images/sr26-clayton-romario/sr26-clayton-romario-08.jpg,2026-05-25,Clayton e Romário,Clayton e Romário,"show, banda, clayton e romário, festa de santa rita"
sr26-clayton-romario-09,sr26-clayton-romario,images/sr26-clayton-romario/sr26-clayton-romario-09.jpg,2026-05-25,Clayton e Romário,Clayton e Romário,"show, banda, clayton e romário, festa de santa rita"
sr26-clayton-romario-10,sr26-clayton-romario,images/sr26-clayton-romario/sr26-clayton-romario-10.jpg,2026-05-25,Clayton e Romário,Clayton e Romário,"show, banda, clayton e romário, festa de santa rita"
sr26-djs-01,sr26-djs,images/sr26-djs/sr26-djs-01.jpg,2026-05-22,DJ's,DJ's,"show, dj, festa de santa rita"
sr26-djs-02,sr26-djs,images/sr26-djs/sr26-djs-02.jpg,2026-05-22,DJ's,DJ's,"show, dj, festa de santa rita"
sr26-djs-03,sr26-djs,images/sr26-djs/sr26-djs-03.jpg,2026-05-22,DJ's,DJ's,"show, dj, festa de santa rita"
sr26-djs-04,sr26-djs,images/sr26-djs/sr26-djs-04.jpg,2026-05-23,DJ's,DJ's,"show, dj, festa de santa rita"
sr26-djs-05,sr26-djs,images/sr26-djs/sr26-djs-05.jpg,2026-05-23,DJ's,DJ's,"show, dj, festa de santa rita"
sr26-djs-06,sr26-djs,images/sr26-djs/sr26-djs-06.jpg,2026-05-24,DJ's,DJ's,"show, dj, festa de santa rita"
sr26-djs-07,sr26-djs,images/sr26-djs/sr26-djs-07.jpg,2026-05-24,DJ's,DJ's,"show, dj, festa de santa rita"
sr26-djs-08,sr26-djs,images/sr26-djs/sr26-djs-08.jpg,2026-05-24,DJ's,DJ's,"show, dj, festa de santa rita"
sr26-djs-09,sr26-djs,images/sr26-djs/sr26-djs-09.jpg,2026-05-24,DJ's,DJ's,"show, dj, festa de santa rita"
sr26-djs-10,sr26-djs,images/sr26-djs/sr26-djs-10.jpg,2026-05-24,DJ's,DJ's,"show, dj, festa de santa rita"
sr26-drone-01,sr26-drone,images/sr26-drone/sr26-drone-01.jpg,2026-05-21,Vista Aérea,Drone,"drone, aérea, festa de santa rita"
sr26-drone-02,sr26-drone,images/sr26-drone/sr26-drone-02.jpg,2026-05-21,Vista Aérea,Drone,"drone, aérea, festa de santa rita"
sr26-drone-03,sr26-drone,images/sr26-drone/sr26-drone-03.jpg,2026-05-21,Vista Aérea,Drone,"drone, aérea, festa de santa rita"
sr26-drone-04,sr26-drone,images/sr26-drone/sr26-drone-04.jpg,2026-05-21,Vista Aérea,Drone,"drone, aérea, festa de santa rita"
sr26-drone-05,sr26-drone,images/sr26-drone/sr26-drone-05.jpg,2026-05-21,Vista Aérea,Drone,"drone, aérea, festa de santa rita"
sr26-drone-06,sr26-drone,images/sr26-drone/sr26-drone-06.jpg,2026-05-21,Vista Aérea,Drone,"drone, aérea, festa de santa rita"
sr26-edson-hudson-01,sr26-edson-hudson,images/sr26-edson-hudson/sr26-edson-hudson-01.jpg,2026-05-23,Edson e Hudson,Edson e Hudson,"show, banda, edson e hudson, festa de santa rita"
sr26-edson-hudson-02,sr26-edson-hudson,images/sr26-edson-hudson/sr26-edson-hudson-02.jpg,2026-05-23,Edson e Hudson,Edson e Hudson,"show, banda, edson e hudson, festa de santa rita"
sr26-edson-hudson-03,sr26-edson-hudson,images/sr26-edson-hudson/sr26-edson-hudson-03.jpg,2026-05-23,Edson e Hudson,Edson e Hudson,"show, banda, edson e hudson, festa de santa rita"
sr26-edson-hudson-04,sr26-edson-hudson,images/sr26-edson-hudson/sr26-edson-hudson-04.jpg,2026-05-23,Edson e Hudson,Edson e Hudson,"show, banda, edson e hudson, festa de santa rita"
sr26-edson-hudson-05,sr26-edson-hudson,images/sr26-edson-hudson/sr26-edson-hudson-05.jpg,2026-05-24,Edson e Hudson,Edson e Hudson,"show, banda, edson e hudson, festa de santa rita"
sr26-edson-hudson-06,sr26-edson-hudson,images/sr26-edson-hudson/sr26-edson-hudson-06.jpg,2026-05-24,Edson e Hudson,Edson e Hudson,"show, banda, edson e hudson, festa de santa rita"
sr26-edson-hudson-07,sr26-edson-hudson,images/sr26-edson-hudson/sr26-edson-hudson-07.jpg,2026-05-24,Edson e Hudson,Edson e Hudson,"show, banda, edson e hudson, festa de santa rita"
sr26-edson-hudson-08,sr26-edson-hudson,images/sr26-edson-hudson/sr26-edson-hudson-08.jpg,2026-05-24,Edson e Hudson,Edson e Hudson,"show, banda, edson e hudson, festa de santa rita"
sr26-edson-hudson-09,sr26-edson-hudson,images/sr26-edson-hudson/sr26-edson-hudson-09.jpg,2026-05-24,Edson e Hudson,Edson e Hudson,"show, banda, edson e hudson, festa de santa rita"
sr26-edson-hudson-10,sr26-edson-hudson,images/sr26-edson-hudson/sr26-edson-hudson-10.jpg,2026-05-24,Edson e Hudson,Edson e Hudson,"show, banda, edson e hudson, festa de santa rita"
sr26-katinguele-01,sr26-katinguele,images/sr26-katinguele/sr26-katinguele-01.jpg,2026-05-21,Katinguelê,Katinguelê,"show, banda, katinguelê, festa de santa rita"
sr26-katinguele-02,sr26-katinguele,images/sr26-katinguele/sr26-katinguele-02.jpg,2026-05-21,Katinguelê,Katinguelê,"show, banda, katinguelê, festa de santa rita"
sr26-katinguele-03,sr26-katinguele,images/sr26-katinguele/sr26-katinguele-03.jpg,2026-05-21,Katinguelê,Katinguelê,"show, banda, katinguelê, festa de santa rita"
sr26-katinguele-04,sr26-katinguele,images/sr26-katinguele/sr26-katinguele-04.jpg,2026-05-21,Katinguelê,Katinguelê,"show, banda, katinguelê, festa de santa rita"
sr26-katinguele-05,sr26-katinguele,images/sr26-katinguele/sr26-katinguele-05.jpg,2026-05-21,Katinguelê,Katinguelê,"show, banda, katinguelê, festa de santa rita"
sr26-katinguele-06,sr26-katinguele,images/sr26-katinguele/sr26-katinguele-06.jpg,2026-05-21,Katinguelê,Katinguelê,"show, banda, katinguelê, festa de santa rita"
sr26-katinguele-07,sr26-katinguele,images/sr26-katinguele/sr26-katinguele-07.jpg,2026-05-21,Katinguelê,Katinguelê,"show, banda, katinguelê, festa de santa rita"
sr26-katinguele-08,sr26-katinguele,images/sr26-katinguele/sr26-katinguele-08.jpg,2026-05-21,Katinguelê,Katinguelê,"show, banda, katinguelê, festa de santa rita"
sr26-katinguele-09,sr26-katinguele,images/sr26-katinguele/sr26-katinguele-09.jpg,2026-05-21,Katinguelê,Katinguelê,"show, banda, katinguelê, festa de santa rita"
sr26-katinguele-10,sr26-katinguele,images/sr26-katinguele/sr26-katinguele-10.jpg,2026-05-21,Katinguelê,Katinguelê,"show, banda, katinguelê, festa de santa rita"
sr26-katinguele-11,sr26-katinguele,images/sr26-katinguele/sr26-katinguele-11.jpg,2026-05-21,Katinguelê,Katinguelê,"show, banda, katinguelê, festa de santa rita"
sr26-katinguele-12,sr26-katinguele,images/sr26-katinguele/sr26-katinguele-12.jpg,2026-05-21,Katinguelê,Katinguelê,"show, banda, katinguelê, festa de santa rita"
sr26-katinguele-13,sr26-katinguele,images/sr26-katinguele/sr26-katinguele-13.jpg,2026-05-21,Katinguelê,Katinguelê,"show, banda, katinguelê, festa de santa rita"
sr26-katinguele-14,sr26-katinguele,images/sr26-katinguele/sr26-katinguele-14.jpg,2026-05-21,Katinguelê,Katinguelê,"show, banda, katinguelê, festa de santa rita"
sr26-katinguele-15,sr26-katinguele,images/sr26-katinguele/sr26-katinguele-15.jpg,2026-05-21,Katinguelê,Katinguelê,"show, banda, katinguelê, festa de santa rita"
sr26-katinguele-16,sr26-katinguele,images/sr26-katinguele/sr26-katinguele-16.jpg,2026-05-21,Katinguelê,Katinguelê,"show, banda, katinguelê, festa de santa rita"
sr26-katinguele-17,sr26-katinguele,images/sr26-katinguele/sr26-katinguele-17.jpg,2026-05-21,Katinguelê,Katinguelê,"show, banda, katinguelê, festa de santa rita"
sr26-katinguele-18,sr26-katinguele,images/sr26-katinguele/sr26-katinguele-18.jpg,2026-05-21,Katinguelê,Katinguelê,"show, banda, katinguelê, festa de santa rita"
sr26-paralamas-01,sr26-paralamas,images/sr26-paralamas/sr26-paralamas-01.jpg,2026-05-22,Paralamas do Sucesso,Show,"show, banda, paralamas do sucesso, festa de santa rita"
sr26-paralamas-02,sr26-paralamas,images/sr26-paralamas/sr26-paralamas-02.jpg,2026-05-22,Paralamas do Sucesso,Show,"show, banda, paralamas do sucesso, festa de santa rita"
sr26-paralamas-03,sr26-paralamas,images/sr26-paralamas/sr26-paralamas-03.jpg,2026-05-22,Paralamas do Sucesso,Show,"show, banda, paralamas do sucesso, festa de santa rita"
sr26-paralamas-04,sr26-paralamas,images/sr26-paralamas/sr26-paralamas-04.jpg,2026-05-22,Paralamas do Sucesso,Show,"show, banda, paralamas do sucesso, festa de santa rita"
sr26-paralamas-05,sr26-paralamas,images/sr26-paralamas/sr26-paralamas-05.jpg,2026-05-22,Paralamas do Sucesso,Show,"show, banda, paralamas do sucesso, festa de santa rita"
sr26-paralamas-06,sr26-paralamas,images/sr26-paralamas/sr26-paralamas-06.jpg,2026-05-22,Paralamas do Sucesso,Show,"show, banda, paralamas do sucesso, festa de santa rita"
sr26-paralamas-07,sr26-paralamas,images/sr26-paralamas/sr26-paralamas-07.jpg,2026-05-22,Paralamas do Sucesso,Show,"show, banda, paralamas do sucesso, festa de santa rita"
sr26-paralamas-08,sr26-paralamas,images/sr26-paralamas/sr26-paralamas-08.jpg,2026-05-22,Paralamas do Sucesso,Show,"show, banda, paralamas do sucesso, festa de santa rita"
sr26-paralamas-09,sr26-paralamas,images/sr26-paralamas/sr26-paralamas-09.jpg,2026-05-23,Paralamas do Sucesso,Show,"show, banda, paralamas do sucesso, festa de santa rita"
sr26-paralamas-10,sr26-paralamas,images/sr26-paralamas/sr26-paralamas-10.jpg,2026-05-23,Paralamas do Sucesso,Show,"show, banda, paralamas do sucesso, festa de santa rita"
sr26-paralamas-11,sr26-paralamas,images/sr26-paralamas/sr26-paralamas-11.jpg,2026-05-23,Paralamas do Sucesso,Show,"show, banda, paralamas do sucesso, festa de santa rita"
sr26-paralamas-12,sr26-paralamas,images/sr26-paralamas/sr26-paralamas-12.jpg,2026-05-23,Paralamas do Sucesso,Show,"show, banda, paralamas do sucesso, festa de santa rita"
sr26-paralamas-13,sr26-paralamas,images/sr26-paralamas/sr26-paralamas-13.jpg,2026-05-23,Paralamas do Sucesso,Show,"show, banda, paralamas do sucesso, festa de santa rita"
sr26-paralamas-14,sr26-paralamas,images/sr26-paralamas/sr26-paralamas-14.jpg,2026-05-23,Paralamas do Sucesso,Show,"show, banda, paralamas do sucesso, festa de santa rita"
sr26-parque-01,sr26-parque,images/sr26-parque/sr26-parque-01.jpg,2026-05-16,Parque de Diversões,Parque de Diversões,"parque de diversões, festa de santa rita"
sr26-parque-02,sr26-parque,images/sr26-parque/sr26-parque-02.jpg,2026-05-22,Parque de Diversões,Parque de Diversões,"parque de diversões, festa de santa rita"
sr26-parque-03,sr26-parque,images/sr26-parque/sr26-parque-03.jpg,2026-05-22,Parque de Diversões,Parque de Diversões,"parque de diversões, festa de santa rita"
sr26-parque-04,sr26-parque,images/sr26-parque/sr26-parque-04.jpg,2026-05-22,Parque de Diversões,Parque de Diversões,"parque de diversões, festa de santa rita"
sr26-parque-05,sr26-parque,images/sr26-parque/sr26-parque-05.jpg,2026-05-23,Parque de Diversões,Parque de Diversões,"parque de diversões, festa de santa rita"
sr26-parque-06,sr26-parque,images/sr26-parque/sr26-parque-06.jpg,2026-05-23,Parque de Diversões,Parque de Diversões,"parque de diversões, festa de santa rita"
sr26-parque-07,sr26-parque,images/sr26-parque/sr26-parque-07.jpg,2026-05-23,Parque de Diversões,Parque de Diversões,"parque de diversões, festa de santa rita"
sr26-parque-08,sr26-parque,images/sr26-parque/sr26-parque-08.jpg,2026-05-23,Parque de Diversões,Parque de Diversões,"parque de diversões, festa de santa rita"
sr26-parque-09,sr26-parque,images/sr26-parque/sr26-parque-09.jpg,2026-05-24,Parque de Diversões,Parque de Diversões,"parque de diversões, festa de santa rita"
sr26-parque-10,sr26-parque,images/sr26-parque/sr26-parque-10.jpg,2026-05-24,Parque de Diversões,Parque de Diversões,"parque de diversões, festa de santa rita"
sr26-parque-11,sr26-parque,images/sr26-parque/sr26-parque-11.jpg,2026-05-24,Parque de Diversões,Parque de Diversões,"parque de diversões, festa de santa rita"
sr26-parque-12,sr26-parque,images/sr26-parque/sr26-parque-12.jpg,2026-05-24,Parque de Diversões,Parque de Diversões,"parque de diversões, festa de santa rita"
sr26-parque-13,sr26-parque,images/sr26-parque/sr26-parque-13.jpg,2026-05-24,Parque de Diversões,Parque de Diversões,"parque de diversões, festa de santa rita"
sr26-parque-14,sr26-parque,images/sr26-parque/sr26-parque-14.jpg,2026-05-24,Parque de Diversões,Parque de Diversões,"parque de diversões, festa de santa rita"
sr26-parque-15,sr26-parque,images/sr26-parque/sr26-parque-15.jpg,2026-05-24,Parque de Diversões,Parque de Diversões,"parque de diversões, festa de santa rita"
sr26-parque-16,sr26-parque,images/sr26-parque/sr26-parque-16.jpg,2026-05-24,Parque de Diversões,Parque de Diversões,"parque de diversões, festa de santa rita"
sr25-art-popular-01,sr25-art-popular,images/sr25-art-popular/sr25-art-popular-01.jpg,2025-05-24,Art Popular,Art Popular,"arte popular, cultura, festa de santa rita"
sr25-art-popular-02,sr25-art-popular,images/sr25-art-popular/sr25-art-popular-02.jpg,2025-05-23,Art Popular,Art Popular,"arte popular, cultura, festa de santa rita"
sr25-art-popular-03,sr25-art-popular,images/sr25-art-popular/sr25-art-popular-03.jpg,2025-05-23,Art Popular,Art Popular,"arte popular, cultura, festa de santa rita"
sr25-art-popular-04,sr25-art-popular,images/sr25-art-popular/sr25-art-popular-04.jpg,2025-05-23,Art Popular,Art Popular,"arte popular, cultura, festa de santa rita"
sr25-artesanato-01,sr25-artesanato,images/sr25-artesanato/sr25-artesanato-01.jpg,2025-05-22,Artesanato,Artesanato,"artesanato, cultura, festa de santa rita"
sr25-artesanato-02,sr25-artesanato,images/sr25-artesanato/sr25-artesanato-02.jpg,2025-05-22,Artesanato,Artesanato,"artesanato, cultura, festa de santa rita"
sr25-bandas-01,sr25-bandas,images/sr25-bandas/sr25-bandas-01.jpg,2025-05-20,Bandas,Bandas,"show, banda, festa de santa rita"
sr25-bandas-02,sr25-bandas,images/sr25-bandas/sr25-bandas-02.jpg,2025-05-20,Bandas,Bandas,"show, banda, festa de santa rita"
sr25-bandas-03,sr25-bandas,images/sr25-bandas/sr25-bandas-03.jpg,2025-05-20,Bandas,Bandas,"show, banda, festa de santa rita"
sr25-bandas-04,sr25-bandas,images/sr25-bandas/sr25-bandas-04.jpg,2025-05-20,Bandas,Bandas,"show, banda, festa de santa rita"
sr25-bandas-05,sr25-bandas,images/sr25-bandas/sr25-bandas-05.jpg,2025-05-20,Bandas,Bandas,"show, banda, festa de santa rita"
sr25-bandas-06,sr25-bandas,images/sr25-bandas/sr25-bandas-06.jpg,2025-05-20,Bandas,Bandas,"show, banda, festa de santa rita"
sr25-bandas-07,sr25-bandas,images/sr25-bandas/sr25-bandas-07.jpg,2025-05-20,Bandas,Bandas,"show, banda, festa de santa rita"
sr25-bandas-08,sr25-bandas,images/sr25-bandas/sr25-bandas-08.jpg,2025-05-20,Bandas,Bandas,"show, banda, festa de santa rita"
sr25-bandas-09,sr25-bandas,images/sr25-bandas/sr25-bandas-09.jpg,2025-05-20,Bandas,Bandas,"show, banda, festa de santa rita"
sr25-bandas-10,sr25-bandas,images/sr25-bandas/sr25-bandas-10.jpg,2025-05-21,Bandas,Bandas,"show, banda, festa de santa rita"
sr25-bandas-11,sr25-bandas,images/sr25-bandas/sr25-bandas-11.jpg,2025-05-21,Bandas,Bandas,"show, banda, festa de santa rita"
sr25-bandas-12,sr25-bandas,images/sr25-bandas/sr25-bandas-12.jpg,2025-05-21,Bandas,Bandas,"show, banda, festa de santa rita"
sr25-bandas-13,sr25-bandas,images/sr25-bandas/sr25-bandas-13.jpg,2025-05-21,Bandas,Bandas,"show, banda, festa de santa rita"
sr25-bandas-14,sr25-bandas,images/sr25-bandas/sr25-bandas-14.jpg,2025-05-21,Bandas,Bandas,"show, banda, festa de santa rita"
sr25-bandas-15,sr25-bandas,images/sr25-bandas/sr25-bandas-15.jpg,2025-05-21,Bandas,Bandas,"show, banda, festa de santa rita"
sr25-bandas-16,sr25-bandas,images/sr25-bandas/sr25-bandas-16.jpg,2025-05-22,Bandas,Bandas,"show, banda, festa de santa rita"
sr25-dj-01,sr25-dj,images/sr25-dj/sr25-dj-01.jpg,2025-05-20,DJ,DJ,"show, dj, festa de santa rita"
sr25-marcos-belutti-01,sr25-marcos-belutti,images/sr25-marcos-belutti/sr25-marcos-belutti-01.jpg,2025-05-25,Marcos & Belutti,Show,"show, marcos e belutti, dupla sertaneja, festa de santa rita"
sr25-marcos-belutti-02,sr25-marcos-belutti,images/sr25-marcos-belutti/sr25-marcos-belutti-02.jpg,2025-05-25,Marcos & Belutti,Show,"show, marcos e belutti, dupla sertaneja, festa de santa rita"
sr25-marcos-belutti-03,sr25-marcos-belutti,images/sr25-marcos-belutti/sr25-marcos-belutti-03.jpg,2025-05-25,Marcos & Belutti,Show,"show, marcos e belutti, dupla sertaneja, festa de santa rita"
sr25-marcos-belutti-04,sr25-marcos-belutti,images/sr25-marcos-belutti/sr25-marcos-belutti-04.jpg,2025-05-25,Marcos & Belutti,Show,"show, marcos e belutti, dupla sertaneja, festa de santa rita"
sr25-marcos-belutti-05,sr25-marcos-belutti,images/sr25-marcos-belutti/sr25-marcos-belutti-05.jpg,2025-05-25,Marcos & Belutti,Show,"show, marcos e belutti, dupla sertaneja, festa de santa rita"
sr25-marcos-belutti-06,sr25-marcos-belutti,images/sr25-marcos-belutti/sr25-marcos-belutti-06.jpg,2025-05-25,Marcos & Belutti,Show,"show, marcos e belutti, dupla sertaneja, festa de santa rita"
sr25-marcos-belutti-07,sr25-marcos-belutti,images/sr25-marcos-belutti/sr25-marcos-belutti-07.jpg,2025-05-25,Marcos & Belutti,Show,"show, marcos e belutti, dupla sertaneja, festa de santa rita"
sr25-marcos-belutti-08,sr25-marcos-belutti,images/sr25-marcos-belutti/sr25-marcos-belutti-08.jpg,2025-05-25,Marcos & Belutti,Show,"show, marcos e belutti, dupla sertaneja, festa de santa rita"
sr25-marcos-belutti-09,sr25-marcos-belutti,images/sr25-marcos-belutti/sr25-marcos-belutti-09.jpg,2025-05-25,Marcos & Belutti,Show,"show, marcos e belutti, dupla sertaneja, festa de santa rita"
sr25-parque-01,sr25-parque,images/sr25-parque/sr25-parque-01.jpg,2025-05-17,Parque de Diversões,Parque de Diversões,"parque de diversões, festa de santa rita"
sr25-parque-02,sr25-parque,images/sr25-parque/sr25-parque-02.jpg,2025-05-16,Parque de Diversões,Parque de Diversões,"parque de diversões, festa de santa rita"
sr25-parque-03,sr25-parque,images/sr25-parque/sr25-parque-03.jpg,2025-05-16,Parque de Diversões,Parque de Diversões,"parque de diversões, festa de santa rita"
sr25-parque-04,sr25-parque,images/sr25-parque/sr25-parque-04.jpg,2025-05-16,Parque de Diversões,Parque de Diversões,"parque de diversões, festa de santa rita"
sr25-parque-05,sr25-parque,images/sr25-parque/sr25-parque-05.jpg,2025-05-16,Parque de Diversões,Parque de Diversões,"parque de diversões, festa de santa rita"
sr25-parque-06,sr25-parque,images/sr25-parque/sr25-parque-06.jpg,2025-04-25,Parque de Diversões,Parque de Diversões,"parque de diversões, festa de santa rita"
sr25-parque-07,sr25-parque,images/sr25-parque/sr25-parque-07.jpg,2025-05-20,Parque de Diversões,Parque de Diversões,"parque de diversões, festa de santa rita"
sr25-parque-08,sr25-parque,images/sr25-parque/sr25-parque-08.jpg,2025-05-20,Parque de Diversões,Parque de Diversões,"parque de diversões, festa de santa rita"
sr25-parque-09,sr25-parque,images/sr25-parque/sr25-parque-09.jpg,2025-05-20,Parque de Diversões,Parque de Diversões,"parque de diversões, festa de santa rita"
sr25-parque-10,sr25-parque,images/sr25-parque/sr25-parque-10.jpg,2025-05-20,Parque de Diversões,Parque de Diversões,"parque de diversões, festa de santa rita"
sr25-parque-11,sr25-parque,images/sr25-parque/sr25-parque-11.jpg,2025-05-20,Parque de Diversões,Parque de Diversões,"parque de diversões, festa de santa rita"
sr25-parque-12,sr25-parque,images/sr25-parque/sr25-parque-12.jpg,2025-05-22,Parque de Diversões,Parque de Diversões,"parque de diversões, festa de santa rita"
sr25-parque-13,sr25-parque,images/sr25-parque/sr25-parque-13.jpg,2025-05-22,Parque de Diversões,Parque de Diversões,"parque de diversões, festa de santa rita"
sr25-parque-14,sr25-parque,images/sr25-parque/sr25-parque-14.jpg,2025-05-22,Parque de Diversões,Parque de Diversões,"parque de diversões, festa de santa rita"
sr25-parque-15,sr25-parque,images/sr25-parque/sr25-parque-15.jpg,2025-05-22,Parque de Diversões,Parque de Diversões,"parque de diversões, festa de santa rita"
sr25-religiao-01,sr25-religiao,images/sr25-religiao/sr25-religiao-01.jpg,2025-05-22,Procissão,Religioso,"procissão, religioso, padroeira, festa de santa rita"
sr25-religiao-02,sr25-religiao,images/sr25-religiao/sr25-religiao-02.jpg,2025-05-22,Procissão,Religioso,"procissão, religioso, padroeira, festa de santa rita"
sr25-religiao-03,sr25-religiao,images/sr25-religiao/sr25-religiao-03.jpg,2025-05-22,Procissão,Religioso,"procissão, religioso, padroeira, festa de santa rita"
sr25-religiao-04,sr25-religiao,images/sr25-religiao/sr25-religiao-04.jpg,2025-05-22,Procissão,Religioso,"procissão, religioso, padroeira, festa de santa rita"
sr25-teodoro-sampaio-01,sr25-teodoro-sampaio,images/sr25-teodoro-sampaio/sr25-teodoro-sampaio-01.jpg,2025-05-23,Teodoro & Sampaio,Teodoro & Sampaio,"show, banda, teodoro e sampaio, festa de santa rita"
sr25-teodoro-sampaio-02,sr25-teodoro-sampaio,images/sr25-teodoro-sampaio/sr25-teodoro-sampaio-02.jpg,2025-05-23,Teodoro & Sampaio,Teodoro & Sampaio,"show, banda, teodoro e sampaio, festa de santa rita"
sr25-teodoro-sampaio-03,sr25-teodoro-sampaio,images/sr25-teodoro-sampaio/sr25-teodoro-sampaio-03.jpg,2025-05-23,Teodoro & Sampaio,Teodoro & Sampaio,"show, banda, teodoro e sampaio, festa de santa rita"
sr25-teodoro-sampaio-04,sr25-teodoro-sampaio,images/sr25-teodoro-sampaio/sr25-teodoro-sampaio-04.jpg,2025-05-22,Teodoro & Sampaio,Teodoro & Sampaio,"show, banda, teodoro e sampaio, festa de santa rita"
sr25-teodoro-sampaio-05,sr25-teodoro-sampaio,images/sr25-teodoro-sampaio/sr25-teodoro-sampaio-05.jpg,2025-05-22,Teodoro & Sampaio,Teodoro & Sampaio,"show, banda, teodoro e sampaio, festa de santa rita"
sr25-teodoro-sampaio-06,sr25-teodoro-sampaio,images/sr25-teodoro-sampaio/sr25-teodoro-sampaio-06.jpg,2025-05-22,Teodoro & Sampaio,Teodoro & Sampaio,"show, banda, teodoro e sampaio, festa de santa rita"
sr25-teodoro-sampaio-07,sr25-teodoro-sampaio,images/sr25-teodoro-sampaio/sr25-teodoro-sampaio-07.jpg,2025-05-23,Teodoro & Sampaio,Teodoro & Sampaio,"show, banda, teodoro e sampaio, festa de santa rita"
sr25-teodoro-sampaio-08,sr25-teodoro-sampaio,images/sr25-teodoro-sampaio/sr25-teodoro-sampaio-08.jpg,2025-05-22,Teodoro & Sampaio,Teodoro & Sampaio,"show, banda, teodoro e sampaio, festa de santa rita"
sr25-teodoro-sampaio-09,sr25-teodoro-sampaio,images/sr25-teodoro-sampaio/sr25-teodoro-sampaio-09.jpg,2025-05-22,Teodoro & Sampaio,Teodoro & Sampaio,"show, banda, teodoro e sampaio, festa de santa rita"
sr25-teodoro-sampaio-10,sr25-teodoro-sampaio,images/sr25-teodoro-sampaio/sr25-teodoro-sampaio-10.jpg,2025-05-22,Teodoro & Sampaio,Teodoro & Sampaio,"show, banda, teodoro e sampaio, festa de santa rita"
sr25-teodoro-sampaio-11,sr25-teodoro-sampaio,images/sr25-teodoro-sampaio/sr25-teodoro-sampaio-11.jpg,2025-05-22,Teodoro & Sampaio,Teodoro & Sampaio,"show, banda, teodoro e sampaio, festa de santa rita"
sr25-teodoro-sampaio-12,sr25-teodoro-sampaio,images/sr25-teodoro-sampaio/sr25-teodoro-sampaio-12.jpg,2025-05-22,Teodoro & Sampaio,Teodoro & Sampaio,"show, banda, teodoro e sampaio, festa de santa rita"
sr25-teodoro-sampaio-13,sr25-teodoro-sampaio,images/sr25-teodoro-sampaio/sr25-teodoro-sampaio-13.jpg,2025-05-22,Teodoro & Sampaio,Teodoro & Sampaio,"show, banda, teodoro e sampaio, festa de santa rita"
sr25-teodoro-sampaio-14,sr25-teodoro-sampaio,images/sr25-teodoro-sampaio/sr25-teodoro-sampaio-14.jpg,2025-05-23,Teodoro & Sampaio,Teodoro & Sampaio,"show, banda, teodoro e sampaio, festa de santa rita"
sr25-teodoro-sampaio-15,sr25-teodoro-sampaio,images/sr25-teodoro-sampaio/sr25-teodoro-sampaio-15.jpg,2025-05-22,Teodoro & Sampaio,Teodoro & Sampaio,"show, banda, teodoro e sampaio, festa de santa rita"
hacktown-2025-01,hacktown-2025,images/hacktown-2025/hacktown-2025-01.jpg,2025-08-02,Hacktown,2025,"hacktown, tecnologia, evento, empreendedorismo"
hacktown-2025-02,hacktown-2025,images/hacktown-2025/hacktown-2025-02.jpg,2025-08-02,Hacktown,2025,"hacktown, tecnologia, evento, empreendedorismo"
hacktown-2025-03,hacktown-2025,images/hacktown-2025/hacktown-2025-03.jpg,2025-08-02,Hacktown,2025,"hacktown, tecnologia, evento, empreendedorismo"
hacktown-2025-04,hacktown-2025,images/hacktown-2025/hacktown-2025-04.jpg,2025-08-02,Hacktown,2025,"hacktown, tecnologia, evento, empreendedorismo"
hacktown-2025-05,hacktown-2025,images/hacktown-2025/hacktown-2025-05.jpg,2025-08-02,Hacktown,2025,"hacktown, tecnologia, evento, empreendedorismo"
hacktown-2025-06,hacktown-2025,images/hacktown-2025/hacktown-2025-06.jpg,2025-08-02,Hacktown,2025,"hacktown, tecnologia, evento, empreendedorismo"
hacktown-2025-07,hacktown-2025,images/hacktown-2025/hacktown-2025-07.jpg,2025-08-02,Hacktown,2025,"hacktown, tecnologia, evento, empreendedorismo"
hacktown-2025-08,hacktown-2025,images/hacktown-2025/hacktown-2025-08.jpg,2025-08-02,Hacktown,2025,"hacktown, tecnologia, evento, empreendedorismo"
hacktown-2025-09,hacktown-2025,images/hacktown-2025/hacktown-2025-09.jpg,2025-08-02,Hacktown,2025,"hacktown, tecnologia, evento, empreendedorismo"
hacktown-2025-10,hacktown-2025,images/hacktown-2025/hacktown-2025-10.jpg,2025-07-31,Hacktown,2025,"hacktown, tecnologia, evento, empreendedorismo"
maquiagem-julia-01,maquiagem-julia,images/maquiagem-julia/maquiagem-julia-01.jpg,2025-09-19,Júlia,Júlia,"maquiagem, júlia"
maquiagem-julia-02,maquiagem-julia,images/maquiagem-julia/maquiagem-julia-02.jpg,2025-09-19,Júlia,Júlia,"maquiagem, júlia"
maquiagem-julia-03,maquiagem-julia,images/maquiagem-julia/maquiagem-julia-03.jpg,2025-09-19,Júlia,Júlia,"maquiagem, júlia"
maquiagem-julia-04,maquiagem-julia,images/maquiagem-julia/maquiagem-julia-04.jpg,2025-09-19,Júlia,Júlia,"maquiagem, júlia"
maquiagem-julia-05,maquiagem-julia,images/maquiagem-julia/maquiagem-julia-05.jpg,2025-09-19,Júlia,Júlia,"maquiagem, júlia"
maquiagem-julia-06,maquiagem-julia,images/maquiagem-julia/maquiagem-julia-06.jpg,2025-09-19,Júlia,Júlia,"maquiagem, júlia"
maquiagem-julia-07,maquiagem-julia,images/maquiagem-julia/maquiagem-julia-07.jpg,2025-09-19,Júlia,Júlia,"maquiagem, júlia"
maquiagem-julia-08,maquiagem-julia,images/maquiagem-julia/maquiagem-julia-08.jpg,2025-09-19,Júlia,Júlia,"maquiagem, júlia"
maquiagem-julia-09,maquiagem-julia,images/maquiagem-julia/maquiagem-julia-09.jpg,2025-09-19,Júlia,Júlia,"maquiagem, júlia"
retratos-01,retratos,images/retratos/retratos-01.jpg,2025-08-02,Retratos,Retratos,retrato
retratos-02,retratos,images/retratos/retratos-02.jpg,2026-05-21,Retratos,Retratos,retrato
retratos-03,retratos,images/retratos/retratos-03.jpg,2026-05-22,Retratos,Retratos,retrato
retratos-04,retratos,images/retratos/retratos-04.jpg,2026-05-22,Retratos,Retratos,retrato
retratos-05,retratos,images/retratos/retratos-05.jpg,2026-05-22,Retratos,Retratos,retrato
retratos-06,retratos,images/retratos/retratos-06.jpg,2026-05-23,Retratos,Retratos,retrato
retratos-07,retratos,images/retratos/retratos-07.jpg,2026-05-23,Retratos,Retratos,retrato
retratos-08,retratos,images/retratos/retratos-08.jpg,2025-08-02,Retratos,Retratos,retrato
retratos-09,retratos,images/retratos/retratos-09.jpg,2019-12-09,Retratos,Retratos,retrato
retratos-10,retratos,images/retratos/retratos-10.jpg,2025-05-25,Retratos,Retratos,retrato
retratos-chagas-01,retratos-chagas,images/retratos-chagas/retratos-chagas-01.jpg,2025-08-02,Chagas,Chagas,"retrato, chagas"
retratos-chagas-02,retratos-chagas,images/retratos-chagas/retratos-chagas-02.jpg,2025-12-14,Chagas,Chagas,"retrato, chagas"
retratos-chagas-03,retratos-chagas,images/retratos-chagas/retratos-chagas-03.jpg,2025-12-14,Chagas,Chagas,"retrato, chagas"
retratos-chagas-04,retratos-chagas,images/retratos-chagas/retratos-chagas-04.jpg,2025-12-21,Chagas,Chagas,"retrato, chagas"
retratos-doll-01,retratos-doll,images/retratos-doll/retratos-doll-01.jpg,2026-05-22,Doll,Doll,"retrato, doll"
retratos-doll-02,retratos-doll,images/retratos-doll/retratos-doll-02.jpg,2026-05-22,Doll,Doll,"retrato, doll"
retratos-doll-03,retratos-doll,images/retratos-doll/retratos-doll-03.jpg,2026-05-22,Doll,Doll,"retrato, doll"
retratos-johnnys-bar-01,retratos,images/retratos-johnnys-bar/retratos-johnnys-bar-01.jpg,2020-02-01,Johnnys Bar,2019,"retrato, johnnys bar, 2019"
retratos-johnnys-bar-02,retratos,images/retratos-johnnys-bar/retratos-johnnys-bar-02.jpg,2020-01-17,Johnnys Bar,2019,"retrato, johnnys bar, 2019"
retratos-johnnys-bar-03,retratos,images/retratos-johnnys-bar/retratos-johnnys-bar-03.jpg,2020-01-17,Johnnys Bar,2019,"retrato, johnnys bar, 2019"
retratos-jessica-01,retratos-jessica,images/retratos-jessica/retratos-jessica-01.jpg,2026-05-22,Jéssica,Jéssica,"retrato, jéssica"
retratos-jessica-02,retratos-jessica,images/retratos-jessica/retratos-jessica-02.jpg,2026-05-22,Jéssica,Jéssica,"retrato, jéssica"
retratos-jessica-03,retratos-jessica,images/retratos-jessica/retratos-jessica-03.jpg,2025-08-23,Jéssica,Jéssica,"retrato, jéssica"
retratos-jessica-04,retratos-jessica,images/retratos-jessica/retratos-jessica-04.jpg,2025-08-23,Jéssica,Jéssica,"retrato, jéssica"
retratos-jessica-05,retratos-jessica,images/retratos-jessica/retratos-jessica-05.jpg,2025-08-23,Jéssica,Jéssica,"retrato, jéssica"
retratos-jessica-06,retratos-jessica,images/retratos-jessica/retratos-jessica-06.jpg,2025-08-23,Jéssica,Jéssica,"retrato, jéssica"
retratos-jessica-07,retratos-jessica,images/retratos-jessica/retratos-jessica-07.jpg,2025-08-23,Jéssica,Jéssica,"retrato, jéssica"
retratos-jessica-08,retratos-jessica,images/retratos-jessica/retratos-jessica-08.jpg,2025-08-23,Jéssica,Jéssica,"retrato, jéssica"
retratos-jessica-09,retratos-jessica,images/retratos-jessica/retratos-jessica-09.jpg,2025-08-23,Jéssica,Jéssica,"retrato, jéssica"
retratos-jessica-10,retratos-jessica,images/retratos-jessica/retratos-jessica-10.jpg,2025-08-23,Jéssica,Jéssica,"retrato, jéssica"
retratos-jessica-11,retratos-jessica,images/retratos-jessica/retratos-jessica-11.jpg,2025-08-23,Jéssica,Jéssica,"retrato, jéssica"
retratos-leide-01,retratos,images/retratos-leide/retratos-leide-01.jpg,2025-07-31,Leide,Leide,"retrato, leide"
retratos-leide-02,retratos,images/retratos-leide/retratos-leide-02.jpg,2025-07-31,Leide,Leide,"retrato, leide"
retratos-leide-03,retratos,images/retratos-leide/retratos-leide-03.jpg,2025-07-31,Leide,Leide,"retrato, leide"
retratos-leide-04,retratos,images/retratos-leide/retratos-leide-04.jpg,2025-07-31,Leide,Leide,"retrato, leide"
retratos-leide-05,retratos,images/retratos-leide/retratos-leide-05.jpg,2025-07-31,Leide,Leide,"retrato, leide"
retratos-leide-06,retratos,images/retratos-leide/retratos-leide-06.jpg,2025-07-31,Leide,Leide,"retrato, leide"
retratos-rafaelly-01,retratos-rafaelly,images/retratos-rafaelly/retratos-rafaelly-01.jpg,2026-06-22,Rafaely,Rafaely,"retrato, rafaelly"
retratos-rafaelly-02,retratos-rafaelly,images/retratos-rafaelly/retratos-rafaelly-02.jpg,2026-06-22,Rafaely,Rafaely,"retrato, rafaelly"
retratos-rafaelly-03,retratos-rafaelly,images/retratos-rafaelly/retratos-rafaelly-03.jpg,2026-06-22,Rafaely,Rafaely,"retrato, rafaelly"
retratos-rafaelly-04,retratos-rafaelly,images/retratos-rafaelly/retratos-rafaelly-04.jpg,2026-06-22,Rafaely,Rafaely,"retrato, rafaelly"
retratos-rafaelly-05,retratos-rafaelly,images/retratos-rafaelly/retratos-rafaelly-05.jpg,2026-06-22,Rafaely,Rafaely,"retrato, rafaelly"
retratos-rafaelly-06,retratos-rafaelly,images/retratos-rafaelly/retratos-rafaelly-06.jpg,2025-08-23,Rafaely,Rafaely,"retrato, rafaelly"
retratos-rafaelly-07,retratos-rafaelly,images/retratos-rafaelly/retratos-rafaelly-07.jpg,2025-08-23,Rafaely,Rafaely,"retrato, rafaelly"
retratos-rafaelly-08,retratos-rafaelly,images/retratos-rafaelly/retratos-rafaelly-08.jpg,2025-08-23,Rafaely,Rafaely,"retrato, rafaelly"
retratos-rafaelly-09,retratos-rafaelly,images/retratos-rafaelly/retratos-rafaelly-09.jpg,2025-08-23,Rafaely,Rafaely,"retrato, rafaelly"
retratos-rafaelly-10,retratos-rafaelly,images/retratos-rafaelly/retratos-rafaelly-10.jpg,2025-08-23,Rafaely,Rafaely,"retrato, rafaelly"
retratos-rafaelly-11,retratos-rafaelly,images/retratos-rafaelly/retratos-rafaelly-11.jpg,2025-08-23,Rafaely,Rafaely,"retrato, rafaelly"
retratos-rafaelly-12,retratos-rafaelly,images/retratos-rafaelly/retratos-rafaelly-12.jpg,2025-08-23,Rafaely,Rafaely,"retrato, rafaelly"
sr25-marcos-belutti-10,sr25-marcos-belutti,images/sr25-marcos-belutti/sr25-marcos-belutti-10.jpg,2025-05-22,Marcos & Belutti,Show,"show, marcos e belutti, dupla sertaneja, festa de santa rita"
acs-beer-01,acs-beer,images/acs-beer/acs-beer-01.jpg,2026-07-11,ACS Beer,ACS Beer,"acs beer, festa particular, 10 anos"
acs-beer-02,acs-beer,images/acs-beer/acs-beer-02.jpg,2026-07-11,ACS Beer,ACS Beer,"acs beer, festa particular, 10 anos"
acs-beer-03,acs-beer,images/acs-beer/acs-beer-03.jpg,2026-07-11,ACS Beer,ACS Beer,"acs beer, festa particular, 10 anos"
acs-beer-04,acs-beer,images/acs-beer/acs-beer-04.jpg,2026-07-11,ACS Beer,ACS Beer,"acs beer, festa particular, 10 anos"
acs-beer-05,acs-beer,images/acs-beer/acs-beer-05.jpg,2026-07-11,ACS Beer,ACS Beer,"acs beer, festa particular, 10 anos"
acs-beer-06,acs-beer,images/acs-beer/acs-beer-06.jpg,2026-07-11,ACS Beer,ACS Beer,"acs beer, festa particular, 10 anos"
acs-beer-07,acs-beer,images/acs-beer/acs-beer-07.jpg,2026-07-11,ACS Beer,ACS Beer,"acs beer, festa particular, 10 anos"
acs-beer-08,acs-beer,images/acs-beer/acs-beer-08.jpg,2026-07-11,ACS Beer,ACS Beer,"acs beer, festa particular, 10 anos"
acs-beer-09,acs-beer,images/acs-beer/acs-beer-09.jpg,2026-07-11,ACS Beer,ACS Beer,"acs beer, festa particular, 10 anos"
acs-beer-10,acs-beer,images/acs-beer/acs-beer-10.jpg,2026-07-11,ACS Beer,ACS Beer,"acs beer, festa particular, 10 anos"
acs-beer-11,acs-beer,images/acs-beer/acs-beer-11.jpg,2026-07-11,ACS Beer,ACS Beer,"acs beer, festa particular, 10 anos"
acs-beer-12,acs-beer,images/acs-beer/acs-beer-12.jpg,2026-07-11,ACS Beer,ACS Beer,"acs beer, festa particular, 10 anos"
acs-beer-13,acs-beer,images/acs-beer/acs-beer-13.jpg,2026-07-11,ACS Beer,ACS Beer,"acs beer, festa particular, 10 anos"
acs-beer-14,acs-beer,images/acs-beer/acs-beer-14.jpg,2026-07-11,ACS Beer,ACS Beer,"acs beer, festa particular, 10 anos"
acs-beer-15,acs-beer,images/acs-beer/acs-beer-15.jpg,2026-07-11,ACS Beer,ACS Beer,"acs beer, festa particular, 10 anos"
acs-beer-16,acs-beer,images/acs-beer/acs-beer-16.jpg,2026-07-11,ACS Beer,ACS Beer,"acs beer, festa particular, 10 anos"
acs-beer-17,acs-beer,images/acs-beer/acs-beer-17.jpg,2026-07-11,ACS Beer,ACS Beer,"acs beer, festa particular, 10 anos"
acs-beer-18,acs-beer,images/acs-beer/acs-beer-18.jpg,2026-07-11,ACS Beer,ACS Beer,"acs beer, festa particular, 10 anos"
acs-beer-19,acs-beer,images/acs-beer/acs-beer-19.jpg,2026-07-11,ACS Beer,ACS Beer,"acs beer, festa particular, 10 anos"
acs-beer-20,acs-beer,images/acs-beer/acs-beer-20.jpg,2026-07-11,ACS Beer,ACS Beer,"acs beer, festa particular, 10 anos"
acs-beer-21,acs-beer,images/acs-beer/acs-beer-21.jpg,2026-07-11,ACS Beer,ACS Beer,"acs beer, festa particular, 10 anos"
acs-beer-22,acs-beer,images/acs-beer/acs-beer-22.jpg,2026-07-11,ACS Beer,ACS Beer,"acs beer, festa particular, 10 anos"
acs-beer-23,acs-beer,images/acs-beer/acs-beer-23.jpg,2026-07-11,ACS Beer,ACS Beer,"acs beer, festa particular, 10 anos"
acs-beer-24,acs-beer,images/acs-beer/acs-beer-24.jpg,2026-07-11,ACS Beer,ACS Beer,"acs beer, festa particular, 10 anos"
acs-beer-25,acs-beer,images/acs-beer/acs-beer-25.jpg,2026-07-11,ACS Beer,ACS Beer,"acs beer, festa particular, 10 anos"
natureza-01,natureza,images/natureza/natureza-01.jpg,2025-02-10,Natureza,Natureza,"natureza, paisagem"
retratos-hanna-01,retratos-hanna,images/retratos-hanna/retratos-hanna-01.jpg,2018-11-12,Hanna,Hanna,"retrato, hanna"
retratos-carolina-01,retratos-carolina,images/retratos-carolina/retratos-carolina-01.jpg,2025-12-24,Carolina Gissoni,Carolina Gissoni,"retrato, carolina gissoni"
retratos-carolina-02,retratos-carolina,images/retratos-carolina/retratos-carolina-02.jpg,2025-12-24,Carolina Gissoni,Carolina Gissoni,"retrato, carolina gissoni"
retratos-carolina-03,retratos-carolina,images/retratos-carolina/retratos-carolina-03.jpg,2025-12-24,Carolina Gissoni,Carolina Gissoni,"retrato, carolina gissoni"
retratos-carolina-04,retratos-carolina,images/retratos-carolina/retratos-carolina-04.jpg,2025-12-24,Carolina Gissoni,Carolina Gissoni,"retrato, carolina gissoni"
retratos-carolina-05,retratos-carolina,images/retratos-carolina/retratos-carolina-05.jpg,2025-12-24,Carolina Gissoni,Carolina Gissoni,"retrato, carolina gissoni"
castracao-2026-01,castracao-2026,images/castracao-2026/castracao-2026-01.jpg,2026-08-06,Castração,2026,"castração, evento, comunidade"
castracao-2026-02,castracao-2026,images/castracao-2026/castracao-2026-02.jpg,2026-08-06,Castração,2026,"castração, evento, comunidade"
castracao-2026-03,castracao-2026,images/castracao-2026/castracao-2026-03.jpg,2026-08-06,Castração,2026,"castração, evento, comunidade"
castracao-2026-04,castracao-2026,images/castracao-2026/castracao-2026-04.jpg,2026-08-06,Castração,2026,"castração, evento, comunidade"
castracao-2026-05,castracao-2026,images/castracao-2026/castracao-2026-05.jpg,2026-08-06,Castração,2026,"castração, evento, comunidade"
